-1.0,67,0,1.0,0,0
-1.0,67,0,1.0,0,0
-1.0,59,0,1.0,0,0
-1.0,52,0,1.0,0,0
0.0,67,0,3.0,0,0
0.0,64,0,3.0,0,0
0.0,59,0,3.0,0,0
0.0,52,0,3.0,0,0
3.0,69,0,3.0,0,0
3.0,66,0,3.0,0,0
3.0,62,0,3.0,0,0
3.0,50,0,3.0,0,0
6.0,69,0,3.0,0,0
6.0,66,0,3.0,0,0
6.0,62,0,3.0,0,0
6.0,48,0,3.0,0,0
9.0,67,0,3.0,0,0
9.0,62,0,3.0,0,0
9.0,59,0,3.0,0,0
9.0,55,0,3.0,0,0
12.0,71,0,3.0,0,0
12.0,62,0,3.0,0,0
12.0,59,0,3.0,0,0
12.0,55,0,3.0,0,0
15.0,70,0,3.0,0,0
15.0,66,0,3.0,0,0
15.0,61,0,3.0,0,0
15.0,54,0,3.0,0,0
18.0,70,0,3.0,0,0
18.0,66,0,3.0,0,0
18.0,61,0,3.0,0,0
18.0,52,0,3.0,0,0
21.0,71,0,3.0,0,0
21.0,66,0,3.0,0,0
21.0,62,0,3.0,0,0
21.0,47,0,3.0,0,0
24.0,71,0,3.0,0,0
24.0,67,0,3.0,0,0
24.0,62,0,3.0,0,0
24.0,47,0,3.0,0,0
27.0,72,0,3.0,0,0
27.0,69,0,3.0,0,0
27.0,64,0,3.0,0,0
27.0,45,0,3.0,0,0
30.0,72,0,3.0,0,0
30.0,69,0,3.0,0,0
30.0,66,0,3.0,0,0
30.0,50,0,3.0,0,0
33.0,71,0,3.0,0,0
33.0,67,0,3.0,0,0
33.0,62,0,3.0,0,0
33.0,55,0,3.0,0,0
36.0,71,0,3.0,0,0
36.0,67,0,3.0,0,0
36.0,64,0,3.0,0,0
36.0,52,0,3.0,0,0
39.0,72,0,3.0,0,0
39.0,67,0,3.0,0,0
39.0,64,0,3.0,0,0
39.0,48,0,3.0,0,0
42.0,76,0,3.0,0,0
42.0,67,0,3.0,0,0
42.0,64,0,3.0,0,0
42.0,48,0,3.0,0,0
45.0,75,0,3.0,0,0
45.0,71,0,3.0,0,0
45.0,66,0,3.0,0,0
45.0,47,0,3.0,0,0
48.0,76,0,3.0,0,0
48.0,71,0,3.0,0,0
48.0,67,0,3.0,0,0
48.0,43,0,3.0,0,0
51.0,76,0,2.0,0,0
51.0,72,0,2.0,0,0
51.0,66,0,2.0,0,0
51.0,45,0,2.0,0,0
53.0,76,0,1.0,0,0
53.0,73,0,1.0,0,0
53.0,66,0,1.0,0,0
53.0,46,0,1.0,0,0
54.0,75,0,3.0,0,0
54.0,69,0,3.0,0,0
54.0,66,0,3.0,0,0
54.0,47,0,3.0,0,0
57.0,76,0,3.0,0,0
57.0,67,0,3.0,0,0
57.0,64,0,3.0,0,0
57.0,48,0,3.0,0,0
60.0,76,0,2.0,0,0
60.0,71,0,2.0,0,0
60.0,64,0,2.0,0,0
60.0,43,0,2.0,0,0
62.0,76,0,1.0,0,0
62.0,71,0,1.0,0,0
62.0,64,0,1.0,0,0
62.0,44,0,1.0,0,0
63.0,72,0,2.0,0,0
63.0,66,0,2.0,0,0
63.0,64,0,2.0,0,0
63.0,45,0,2.0,0,0
65.0,73,0,1.0,0,0
65.0,66,0,1.0,0,0
65.0,64,0,1.0,0,0
65.0,46,0,1.0,0,0
66.0,69,0,3.0,0,0
66.0,66,0,3.0,0,0
66.0,63,0,3.0,0,0
66.0,47,0,3.0,0,0
69.0,67,0,3.0,0,0
69.0,64,0,3.0,0,0
69.0,64,0,3.0,0,0
69.0,52,0,3.0,0,0
72.0,71,0,3.0,0,0
72.0,67,0,3.0,0,0
72.0,64,0,3.0,0,0
72.0,52,0,3.0,0,0
75.0,76,0,3.0,0,0
75.0,71,0,3.0,0,0
75.0,67,0,3.0,0,0
75.0,52,0,3.0,0,0
78.0,79,0,3.0,0,0
78.0,71,0,3.0,0,0
78.0,67,0,3.0,0,0
78.0,52,0,3.0,0,0
81.0,76,0,2.0,0,0
81.0,71,0,2.0,0,0
81.0,67,0,2.0,0,0
81.0,52,0,2.0,0,0
83.0,74,0,1.0,0,0
83.0,71,0,1.0,0,0
83.0,65,0,1.0,0,0
83.0,55,0,1.0,0,0
84.0,74,0,3.0,0,0
84.0,71,0,3.0,0,0
84.0,65,0,3.0,0,0
84.0,43,0,3.0,0,0
87.0,74,0,3.0,0,0
87.0,71,0,3.0,0,0
87.0,65,0,3.0,0,0
87.0,55,0,3.0,0,0
90.0,74,0,2.0,0,0
90.0,71,0,2.0,0,0
90.0,65,0,2.0,0,0
90.0,43,0,2.0,0,0
92.0,74,0,1.0,0,0
92.0,67,0,1.0,0,0
92.0,65,0,1.0,0,0
92.0,47,0,1.0,0,0
93.0,72,0,2.0,0,0
93.0,67,0,2.0,0,0
93.0,64,0,2.0,0,0
93.0,48,0,2.0,0,0
95.0,71,0,1.0,0,0
95.0,68,0,1.0,0,0
95.0,62,0,1.0,0,0
95.0,52,0,1.0,0,0
96.0,71,0,3.0,0,0
96.0,68,0,3.0,0,0
96.0,62,0,3.0,0,0
96.0,40,0,3.0,0,0
99.0,71,0,3.0,0,0
99.0,68,0,3.0,0,0
99.0,62,0,3.0,0,0
99.0,52,0,3.0,0,0
102.0,71,0,2.0,0,0
102.0,68,0,2.0,0,0
102.0,62,0,2.0,0,0
102.0,40,0,2.0,0,0
104.0,71,0,1.0,0,0
104.0,64,0,1.0,0,0
104.0,62,0,1.0,0,0
104.0,44,0,1.0,0,0
105.0,69,0,2.0,0,0
105.0,64,0,2.0,0,0
105.0,60,0,2.0,0,0
105.0,45,0,2.0,0,0
107.0,65,0,1.0,0,0
107.0,62,0,1.0,0,0
107.0,58,0,1.0,0,0
107.0,46,0,1.0,0,0
108.0,70,0,3.0,0,0
108.0,62,0,3.0,0,0
108.0,58,0,3.0,0,0
108.0,46,0,3.0,0,0
111.0,70,0,3.0,0,0
111.0,65,0,3.0,0,0
111.0,62,0,3.0,0,0
111.0,46,0,3.0,0,0
114.0,70,0,3.0,0,0
114.0,65,0,3.0,0,0
114.0,62,0,3.0,0,0
114.0,58,0,3.0,0,0
117.0,67,0,2.0,0,0
117.0,64,0,2.0,0,0
117.0,64,0,2.0,0,0
117.0,52,0,2.0,0,0
119.0,67,0,1.0,0,0
119.0,64,0,1.0,0,0
119.0,61,0,1.0,0,0
119.0,46,0,1.0,0,0
120.0,67,0,3.0,0,0
120.0,64,0,3.0,0,0
120.0,61,0,3.0,0,0
120.0,58,0,3.0,0,0
123.0,67,0,3.0,0,0
123.0,64,0,3.0,0,0
123.0,61,0,3.0,0,0
123.0,46,0,3.0,0,0
126.0,67,0,3.0,0,0
126.0,64,0,3.0,0,0
126.0,61,0,3.0,0,0
126.0,58,0,3.0,0,0
129.0,67,0,2.0,0,0
129.0,64,0,2.0,0,0
129.0,61,0,2.0,0,0
129.0,46,0,2.0,0,0
131.0,66,0,1.0,0,0
131.0,64,0,1.0,0,0
131.0,61,0,1.0,0,0
131.0,46,0,1.0,0,0
132.0,66,0,3.0,0,0
132.0,62,0,3.0,0,0
132.0,59,0,3.0,0,0
132.0,47,0,3.0,0,0
135.0,66,0,3.0,0,0
135.0,62,0,3.0,0,0
135.0,59,0,3.0,0,0
135.0,50,0,3.0,0,0
138.0,66,0,1.0,0,0
138.0,59,0,1.0,0,0
138.0,57,0,1.0,0,0
138.0,51,0,1.0,0,0
139.0,64,0,2.0,0,0
139.0,60,0,2.0,0,0
139.0,55,0,2.0,0,0
139.0,52,0,2.0,0,0
141.0,67,0,1.0,0,0
141.0,60,0,1.0,0,0
141.0,55,0,1.0,0,0
141.0,52,0,1.0,0,0
142.0,63,0,2.0,0,0
142.0,57,0,2.0,0,0
142.0,57,0,2.0,0,0
142.0,54,0,2.0,0,0
144.0,63,0,1.0,0,0
144.0,60,0,1.0,0,0
144.0,57,0,1.0,0,0
144.0,54,0,1.0,0,0
145.0,64,0,2.0,0,0
145.0,59,0,2.0,0,0
145.0,59,0,2.0,0,0
145.0,55,0,2.0,0,0
147.0,63,0,1.0,0,0
147.0,61,0,1.0,0,0
147.0,58,0,1.0,0,0
147.0,55,0,1.0,0,0
148.0,65,0,2.0,0,0
148.0,61,0,2.0,0,0
148.0,59,0,2.0,0,0
148.0,56,0,2.0,0,0
150.0,68,0,3.0,0,0
150.0,65,0,3.0,0,0
150.0,59,0,3.0,0,0
150.0,49,0,3.0,0,0
153.0,68,0,3.0,0,0
153.0,65,0,3.0,0,0
153.0,59,0,3.0,0,0
153.0,49,0,3.0,0,0
156.0,64,0,3.0,0,0
156.0,61,0,3.0,0,0
156.0,58,0,3.0,0,0
156.0,54,0,3.0,0,0
159.0,64,0,3.0,0,0
159.0,61,0,3.0,0,0
159.0,58,0,3.0,0,0
159.0,42,0,3.0,0,0
162.0,62,0,3.0,0,0
162.0,59,0,3.0,0,0
162.0,59,0,3.0,0,0
162.0,47,0,3.0,0,0
165.0,66,0,3.0,0,0
165.0,62,0,3.0,0,0
165.0,59,0,3.0,0,0
165.0,47,0,3.0,0,0
168.0,71,0,3.0,0,0
168.0,62,0,3.0,0,0
168.0,59,0,3.0,0,0
168.0,47,0,3.0,0,0
171.0,71,0,3.0,0,0
171.0,66,0,3.0,0,0
171.0,62,0,3.0,0,0
171.0,47,0,3.0,0,0
174.0,71,0,3.0,0,0
174.0,67,0,3.0,0,0
174.0,62,0,3.0,0,0
174.0,52,0,3.0,0,0
177.0,71,0,2.0,0,0
177.0,66,0,2.0,0,0
177.0,62,0,2.0,0,0
177.0,54,0,2.0,0,0
179.0,70,0,1.0,0,0
179.0,64,0,1.0,0,0
179.0,61,0,1.0,0,0
179.0,54,0,1.0,0,0
180.0,71,0,3.0,0,0
180.0,62,0,3.0,0,0
180.0,59,0,3.0,0,0
180.0,47,0,3.0,0,0
183.0,71,0,3.0,0,0
183.0,66,0,3.0,0,0
183.0,62,0,3.0,0,0
183.0,47,0,3.0,0,0
186.0,74,0,3.0,0,0
186.0,66,0,3.0,0,0
186.0,62,0,3.0,0,0
186.0,47,0,3.0,0,0
189.0,71,0,3.0,0,0
189.0,66,0,3.0,0,0
189.0,62,0,3.0,0,0
189.0,47,0,3.0,0,0
192.0,71,0,3.0,0,0
192.0,67,0,3.0,0,0
192.0,62,0,3.0,0,0
192.0,40,0,3.0,0,0
195.0,71,0,2.0,0,0
195.0,66,0,2.0,0,0
195.0,62,0,2.0,0,0
195.0,42,0,2.0,0,0
197.0,73,0,1.0,0,0
197.0,70,0,1.0,0,0
197.0,64,0,1.0,0,0
197.0,42,0,1.0,0,0
198.0,71,0,3.0,0,0
198.0,66,0,3.0,0,0
198.0,62,0,3.0,0,0
198.0,47,0,3.0,0,0
201.0,71,0,3.0,0,0
201.0,67,0,3.0,0,0
201.0,64,0,3.0,0,0
201.0,40,0,3.0,0,0
204.0,72,0,3.0,0,0
204.0,67,0,3.0,0,0
204.0,60,0,3.0,0,0
204.0,40,0,3.0,0,0
207.0,70,0,3.0,0,0
207.0,64,0,3.0,0,0
207.0,61,0,3.0,0,0
207.0,42,0,3.0,0,0
210.0,66,0,3.0,0,0
210.0,62,0,3.0,0,0
210.0,59,0,3.0,0,0
210.0,47,0,3.0,0,0
213.0,67,0,3.0,0,0
213.0,64,0,3.0,0,0
213.0,59,0,3.0,0,0
213.0,40,0,3.0,0,0
216.0,72,0,3.0,0,0
216.0,67,0,3.0,0,0
216.0,60,0,3.0,0,0
216.0,40,0,3.0,0,0
219.0,70,0,3.0,0,0
219.0,64,0,3.0,0,0
219.0,61,0,3.0,0,0
219.0,42,0,3.0,0,0
222.0,70,0,3.0,0,0
222.0,64,0,3.0,0,0
222.0,61,0,3.0,0,0
222.0,54,0,3.0,0,0
225.0,71,0,3.0,0,0
225.0,62,0,3.0,0,0
225.0,59,0,3.0,0,0
225.0,47,0,3.0,0,0
228.0,71,0,3.0,0,0
228.0,66,0,3.0,0,0
228.0,62,0,3.0,0,0
228.0,47,0,3.0,0,0
231.0,73,0,3.0,0,0
231.0,70,0,3.0,0,0
231.0,64,0,3.0,0,0
231.0,42,0,3.0,0,0
234.0,71,0,3.0,0,0
234.0,66,0,3.0,0,0
234.0,62,0,3.0,0,0
234.0,47,0,3.0,0,0
237.0,74,0,3.0,0,0
237.0,66,0,3.0,0,0
237.0,62,0,3.0,0,0
237.0,47,0,3.0,0,0
240.0,71,0,3.0,0,0
240.0,66,0,3.0,0,0
240.0,62,0,3.0,0,0
240.0,47,0,3.0,0,0
243.0,74,0,3.0,0,0
243.0,66,0,3.0,0,0
243.0,62,0,3.0,0,0
243.0,47,0,3.0,0,0
246.0,71,0,3.0,0,0
246.0,66,0,3.0,0,0
246.0,62,0,3.0,0,0
246.0,47,0,3.0,0,0
249.0,71,0,2.0,0,0
249.0,62,0,2.0,0,0
249.0,59,0,2.0,0,0
249.0,47,0,2.0,0,0
251.0,69,0,1.0,0,0
251.0,63,0,1.0,0,0
251.0,59,0,1.0,0,0
251.0,42,0,1.0,0,0
252.0,69,0,3.0,0,0
252.0,63,0,3.0,0,0
252.0,59,0,3.0,0,0
252.0,54,0,3.0,0,0
255.0,67,0,3.0,0,0
255.0,64,0,3.0,0,0
255.0,59,0,3.0,0,0
255.0,52,0,3.0,0,0
258.0,68,0,3.0,0,0
258.0,65,0,3.0,0,0
258.0,59,0,3.0,0,0
258.0,50,0,3.0,0,0
261.0,69,0,3.0,0,0
261.0,64,0,3.0,0,0
261.0,60,0,3.0,0,0
261.0,48,0,3.0,0,0
264.0,69,0,3.0,0,0
264.0,64,0,3.0,0,0
264.0,60,0,3.0,0,0
264.0,45,0,3.0,0,0
267.0,71,0,3.0,0,0
267.0,65,0,3.0,0,0
267.0,62,0,3.0,0,0
267.0,44,0,3.0,0,0
270.0,70,0,3.0,0,0
270.0,65,0,3.0,0,0
270.0,62,0,3.0,0,0
270.0,44,0,3.0,0,0
273.0,70,0,3.0,0,0
273.0,63,0,3.0,0,0
273.0,63,0,3.0,0,0
273.0,43,0,3.0,0,0
276.0,69,0,3.0,0,0
276.0,63,0,3.0,0,0
276.0,60,0,3.0,0,0
276.0,42,0,3.0,0,0
279.0,69,0,3.0,0,0
279.0,66,0,3.0,0,0
279.0,60,0,3.0,0,0
279.0,51,0,3.0,0,0
282.0,69,0,3.0,0,0
282.0,66,0,3.0,0,0
282.0,63,0,3.0,0,0
282.0,48,0,3.0,0,0
285.0,69,0,3.0,0,0
285.0,60,0,3.0,0,0
285.0,57,0,3.0,0,0
285.0,45,0,3.0,0,0
288.0,69,0,3.0,0,0
288.0,60,0,3.0,0,0
288.0,57,0,3.0,0,0
288.0,42,0,3.0,0,0
291.0,66,0,3.0,0,0
291.0,60,0,3.0,0,0
291.0,57,0,3.0,0,0
291.0,51,0,3.0,0,0
294.0,66,0,3.0,0,0
294.0,60,0,3.0,0,0
294.0,57,0,3.0,0,0
294.0,50,0,3.0,0,0
297.0,65,0,3.0,0,0
297.0,62,0,3.0,0,0
297.0,59,0,3.0,0,0
297.0,55,0,3.0,0,0
300.0,65,0,3.0,0,0
300.0,62,0,3.0,0,0
300.0,59,0,3.0,0,0
300.0,43,0,3.0,0,0
303.0,65,0,3.0,0,0
303.0,62,0,3.0,0,0
303.0,59,0,3.0,0,0
303.0,55,0,3.0,0,0
306.0,65,0,3.0,0,0
306.0,62,0,3.0,0,0
306.0,59,0,3.0,0,0
306.0,43,0,3.0,0,0
309.0,65,0,3.0,0,0
309.0,62,0,3.0,0,0
309.0,59,0,3.0,0,0
309.0,55,0,3.0,0,0
312.0,65,0,3.0,0,0
312.0,62,0,3.0,0,0
312.0,59,0,3.0,0,0
312.0,43,0,3.0,0,0
315.0,65,0,3.0,0,0
315.0,62,0,3.0,0,0
315.0,59,0,3.0,0,0
315.0,55,0,3.0,0,0
318.0,65,0,3.0,0,0
318.0,62,0,3.0,0,0
318.0,59,0,3.0,0,0
318.0,43,0,3.0,0,0
321.0,65,0,3.0,0,0
321.0,62,0,3.0,0,0
321.0,59,0,3.0,0,0
321.0,55,0,3.0,0,0
324.0,65,0,3.0,0,0
324.0,62,0,3.0,0,0
324.0,59,0,3.0,0,0
324.0,43,0,3.0,0,0
327.0,64,0,3.0,0,0
327.0,60,0,3.0,0,0
327.0,60,0,3.0,0,0
327.0,48,0,3.0,0,0
330.0,65,0,3.0,0,0
330.0,65,0,3.0,0,0
330.0,57,0,3.0,0,0
330.0,50,0,3.0,0,0
333.0,65,0,3.0,0,0
333.0,62,0,3.0,0,0
333.0,59,0,3.0,0,0
333.0,43,0,3.0,0,0
336.0,64,0,2.0,0,0
336.0,60,0,2.0,0,0
336.0,60,0,2.0,0,0
336.0,48,0,2.0,0,0
338.0,67,0,1.0,0,0
338.0,64,0,1.0,0,0
338.0,60,0,1.0,0,0
338.0,46,0,1.0,0,0
339.0,69,0,2.0,0,0
339.0,65,0,2.0,0,0
339.0,60,0,2.0,0,0
339.0,45,0,2.0,0,0
341.0,74,0,1.0,0,0
341.0,69,0,1.0,0,0
341.0,62,0,1.0,0,0
341.0,42,0,1.0,0,0
342.0,74,0,3.0,0,0
342.0,70,0,3.0,0,0
342.0,67,0,3.0,0,0
342.0,43,0,3.0,0,0
345.0,76,0,3.0,0,0
345.0,70,0,3.0,0,0
345.0,67,0,3.0,0,0
345.0,48,0,3.0,0,0
348.0,72,0,3.0,0,0
348.0,69,0,3.0,0,0
348.0,65,0,3.0,0,0
348.0,53,0,3.0,0,0
351.0,74,0,3.0,0,0
351.0,69,0,3.0,0,0
351.0,65,0,3.0,0,0
351.0,53,0,3.0,0,0
354.0,76,0,3.0,0,0
354.0,69,0,3.0,0,0
354.0,67,0,3.0,0,0
354.0,49,0,3.0,0,0
357.0,74,0,3.0,0,0
357.0,71,0,3.0,0,0
357.0,64,0,3.0,0,0
357.0,56,0,3.0,0,0
360.0,72,0,3.0,0,0
360.0,69,0,3.0,0,0
360.0,64,0,3.0,0,0
360.0,57,0,3.0,0,0
363.0,74,0,3.0,0,0
363.0,68,0,3.0,0,0
363.0,64,0,3.0,0,0
363.0,59,0,3.0,0,0
366.0,72,0,3.0,0,0
366.0,69,0,3.0,0,0
366.0,64,0,3.0,0,0
366.0,60,0,3.0,0,0
369.0,71,0,3.0,0,0
369.0,69,0,3.0,0,0
369.0,66,0,3.0,0,0
369.0,51,0,3.0,0,0
372.0,72,0,3.0,0,0
372.0,69,0,3.0,0,0
372.0,64,0,3.0,0,0
372.0,52,0,3.0,0,0
375.0,71,0,3.0,0,0
375.0,69,0,3.0,0,0
375.0,63,0,3.0,0,0
375.0,54,0,3.0,0,0
378.0,71,0,3.0,0,0
378.0,67,0,3.0,0,0
378.0,64,0,3.0,0,0
378.0,55,0,3.0,0,0
381.0,72,0,3.0,0,0
381.0,66,0,3.0,0,0
381.0,64,0,3.0,0,0
381.0,57,0,3.0,0,0
384.0,73,0,3.0,0,0
384.0,67,0,3.0,0,0
384.0,64,0,3.0,0,0
384.0,58,0,3.0,0,0
387.0,71,0,3.0,0,0
387.0,67,0,3.0,0,0
387.0,64,0,3.0,0,0
387.0,59,0,3.0,0,0
390.0,76,0,3.0,0,0
390.0,67,0,3.0,0,0
390.0,64,0,3.0,0,0
390.0,59,0,3.0,0,0
393.0,71,0,3.0,0,0
393.0,67,0,3.0,0,0
393.0,64,0,3.0,0,0
393.0,59,0,3.0,0,0
396.0,76,0,3.0,0,0
396.0,67,0,3.0,0,0
396.0,64,0,3.0,0,0
396.0,59,0,3.0,0,0
399.0,71,0,3.0,0,0
399.0,67,0,3.0,0,0
399.0,64,0,3.0,0,0
399.0,59,0,3.0,0,0
402.0,76,0,3.0,0,0
402.0,67,0,3.0,0,0
402.0,64,0,3.0,0,0
402.0,59,0,3.0,0,0
405.0,71,0,3.0,0,0
405.0,67,0,3.0,0,0
405.0,64,0,3.0,0,0
405.0,59,0,3.0,0,0
408.0,76,0,3.0,0,0
408.0,67,0,3.0,0,0
408.0,64,0,3.0,0,0
408.0,59,0,3.0,0,0
411.0,71,0,3.0,0,0
411.0,67,0,3.0,0,0
411.0,64,0,3.0,0,0
411.0,59,0,3.0,0,0
414.0,76,0,3.0,0,0
414.0,67,0,3.0,0,0
414.0,64,0,3.0,0,0
414.0,59,0,3.0,0,0
417.0,71,0,3.0,0,0
417.0,67,0,3.0,0,0
417.0,64,0,3.0,0,0
417.0,59,0,3.0,0,0
420.0,76,0,3.0,0,0
420.0,67,0,3.0,0,0
420.0,64,0,3.0,0,0
420.0,59,0,3.0,0,0
423.0,71,0,3.0,0,0
423.0,67,0,3.0,0,0
423.0,64,0,3.0,0,0
423.0,59,0,3.0,0,0
426.0,76,0,2.0,0,0
426.0,67,0,2.0,0,0
426.0,64,0,2.0,0,0
426.0,59,0,2.0,0,0
428.0,76,0,1.0,0,0
428.0,67,0,1.0,0,0
428.0,64,0,1.0,0,0
428.0,52,0,1.0,0,0
429.0,71,0,3.0,0,0
429.0,67,0,3.0,0,0
429.0,64,0,3.0,0,0
429.0,52,0,3.0,0,0
432.0,74,0,3.0,0,0
432.0,69,0,3.0,0,0
432.0,66,0,3.0,0,0
432.0,50,0,3.0,0,0
435.0,74,0,3.0,0,0
435.0,69,0,3.0,0,0
435.0,66,0,3.0,0,0
435.0,48,0,3.0,0,0
438.0,71,0,3.0,0,0
438.0,67,0,3.0,0,0
438.0,62,0,3.0,0,0
438.0,55,0,3.0,0,0
441.0,71,0,3.0,0,0
441.0,62,0,3.0,0,0
441.0,59,0,3.0,0,0
441.0,55,0,3.0,0,0
444.0,70,0,3.0,0,0
444.0,66,0,3.0,0,0
444.0,61,0,3.0,0,0
444.0,54,0,3.0,0,0
447.0,70,0,3.0,0,0
447.0,66,0,3.0,0,0
447.0,61,0,3.0,0,0
447.0,52,0,3.0,0,0
450.0,71,0,3.0,0,0
450.0,66,0,3.0,0,0
450.0,62,0,3.0,0,0
450.0,47,0,3.0,0,0
453.0,71,0,3.0,0,0
453.0,67,0,3.0,0,0
453.0,62,0,3.0,0,0
453.0,47,0,3.0,0,0
456.0,72,0,3.0,0,0
456.0,69,0,3.0,0,0
456.0,64,0,3.0,0,0
456.0,45,0,3.0,0,0
459.0,72,0,3.0,0,0
459.0,69,0,3.0,0,0
459.0,66,0,3.0,0,0
459.0,50,0,3.0,0,0
462.0,71,0,3.0,0,0
462.0,67,0,3.0,0,0
462.0,62,0,3.0,0,0
462.0,55,0,3.0,0,0
465.0,71,0,3.0,0,0
465.0,67,0,3.0,0,0
465.0,64,0,3.0,0,0
465.0,52,0,3.0,0,0
468.0,72,0,3.0,0,0
468.0,67,0,3.0,0,0
468.0,64,0,3.0,0,0
468.0,48,0,3.0,0,0
471.0,76,0,3.0,0,0
471.0,67,0,3.0,0,0
471.0,64,0,3.0,0,0
471.0,48,0,3.0,0,0
474.0,75,0,3.0,0,0
474.0,71,0,3.0,0,0
474.0,66,0,3.0,0,0
474.0,47,0,3.0,0,0
477.0,76,0,3.0,0,0
477.0,71,0,3.0,0,0
477.0,67,0,3.0,0,0
477.0,43,0,3.0,0,0
480.0,76,0,2.0,0,0
480.0,72,0,2.0,0,0
480.0,66,0,2.0,0,0
480.0,45,0,2.0,0,0
482.0,76,0,1.0,0,0
482.0,73,0,1.0,0,0
482.0,66,0,1.0,0,0
482.0,46,0,1.0,0,0
483.0,75,0,3.0,0,0
483.0,69,0,3.0,0,0
483.0,66,0,3.0,0,0
483.0,47,0,3.0,0,0
486.0,76,0,3.0,0,0
486.0,67,0,3.0,0,0
486.0,64,0,3.0,0,0
486.0,48,0,3.0,0,0
489.0,76,0,2.0,0,0
489.0,71,0,2.0,0,0
489.0,64,0,2.0,0,0
489.0,43,0,2.0,0,0
491.0,76,0,1.0,0,0
491.0,71,0,1.0,0,0
491.0,64,0,1.0,0,0
491.0,44,0,1.0,0,0
492.0,72,0,2.0,0,0
492.0,66,0,2.0,0,0
492.0,64,0,2.0,0,0
492.0,45,0,2.0,0,0
494.0,73,0,1.0,0,0
494.0,66,0,1.0,0,0
494.0,64,0,1.0,0,0
494.0,46,0,1.0,0,0
495.0,69,0,3.0,0,0
495.0,66,0,3.0,0,0
495.0,63,0,3.0,0,0
495.0,47,0,3.0,0,0
498.0,67,0,2.0,0,0
498.0,64,0,2.0,0,0
498.0,59,0,2.0,0,0
498.0,52,0,2.0,0,0
500.0,67,0,1.0,0,0
500.0,64,0,1.0,0,0
500.0,60,0,1.0,0,0
500.0,55,0,1.0,0,0
501.0,72,0,3.0,0,0
501.0,64,0,3.0,0,0
501.0,60,0,3.0,0,0
501.0,55,0,3.0,0,0
504.0,67,0,3.0,0,0
504.0,64,0,3.0,0,0
504.0,60,0,3.0,0,0
504.0,55,0,3.0,0,0
507.0,72,0,3.0,0,0
507.0,64,0,3.0,0,0
507.0,60,0,3.0,0,0
507.0,55,0,3.0,0,0
510.0,72,0,2.0,0,0
510.0,67,0,2.0,0,0
510.0,64,0,2.0,0,0
510.0,55,0,2.0,0,0
512.0,74,0,1.0,0,0
512.0,67,0,1.0,0,0
512.0,65,0,1.0,0,0
512.0,59,0,1.0,0,0
513.0,74,0,3.0,0,0
513.0,67,0,3.0,0,0
513.0,65,0,3.0,0,0
513.0,47,0,3.0,0,0
516.0,74,0,3.0,0,0
516.0,67,0,3.0,0,0
516.0,65,0,3.0,0,0
516.0,59,0,3.0,0,0
519.0,74,0,3.0,0,0
519.0,67,0,3.0,0,0
519.0,65,0,3.0,0,0
519.0,47,0,3.0,0,0
522.0,72,0,2.0,0,0
522.0,67,0,2.0,0,0
522.0,64,0,2.0,0,0
522.0,48,0,2.0,0,0
524.0,71,0,1.0,0,0
524.0,68,0,1.0,0,0
524.0,62,0,1.0,0,0
524.0,52,0,1.0,0,0
525.0,71,0,3.0,0,0
525.0,68,0,3.0,0,0
525.0,62,0,3.0,0,0
525.0,40,0,3.0,0,0
528.0,71,0,3.0,0,0
528.0,68,0,3.0,0,0
528.0,62,0,3.0,0,0
528.0,52,0,3.0,0,0
531.0,71,0,2.0,0,0
531.0,68,0,2.0,0,0
531.0,62,0,2.0,0,0
531.0,40,0,2.0,0,0
533.0,71,0,1.0,0,0
533.0,64,0,1.0,0,0
533.0,62,0,1.0,0,0
533.0,44,0,1.0,0,0
534.0,69,0,2.0,0,0
534.0,64,0,2.0,0,0
534.0,60,0,2.0,0,0
534.0,45,0,2.0,0,0
536.0,69,0,1.0,0,0
536.0,65,0,1.0,0,0
536.0,60,0,1.0,0,0
536.0,41,0,1.0,0,0
537.0,72,0,3.0,0,0
537.0,69,0,3.0,0,0
537.0,60,0,3.0,0,0
537.0,41,0,3.0,0,0
540.0,72,0,3.0,0,0
540.0,69,0,3.0,0,0
540.0,65,0,3.0,0,0
540.0,41,0,3.0,0,0
543.0,72,0,2.0,0,0
543.0,69,0,2.0,0,0
543.0,65,0,2.0,0,0
543.0,53,0,2.0,0,0
545.0,72,0,1.0,0,0
545.0,69,0,1.0,0,0
545.0,63,0,1.0,0,0
545.0,53,0,1.0,0,0
546.0,72,0,2.0,0,0
546.0,69,0,2.0,0,0
546.0,63,0,2.0,0,0
546.0,41,0,2.0,0,0
548.0,72,0,1.0,0,0
548.0,69,0,1.0,0,0
548.0,63,0,1.0,0,0
548.0,42,0,1.0,0,0
549.0,72,0,3.0,0,0
549.0,69,0,3.0,0,0
549.0,63,0,3.0,0,0
549.0,54,0,3.0,0,0
552.0,72,0,2.0,0,0
552.0,69,0,2.0,0,0
552.0,63,0,2.0,0,0
552.0,42,0,2.0,0,0
554.0,71,0,1.0,0,0
554.0,69,0,1.0,0,0
554.0,63,0,1.0,0,0
554.0,42,0,1.0,0,0
555.0,71,0,3.0,0,0
555.0,69,0,3.0,0,0
555.0,63,0,3.0,0,0
555.0,54,0,3.0,0,0
558.0,71,0,3.0,0,0
558.0,69,0,3.0,0,0
558.0,63,0,3.0,0,0
558.0,42,0,3.0,0,0
561.0,71,0,3.0,0,0
561.0,67,0,3.0,0,0
561.0,64,0,3.0,0,0
561.0,43,0,3.0,0,0
564.0,76,0,3.0,0,0
564.0,71,0,3.0,0,0
564.0,64,0,3.0,0,0
564.0,44,0,3.0,0,0
567.0,74,0,1.0,0,0
567.0,71,0,1.0,0,0
567.0,64,0,1.0,0,0
567.0,44,0,1.0,0,0
568.0,72,0,2.0,0,0
568.0,69,0,2.0,0,0
568.0,65,0,2.0,0,0
568.0,45,0,2.0,0,0
570.0,72,0,1.0,0,0
570.0,65,0,1.0,0,0
570.0,60,0,1.0,0,0
570.0,45,0,1.0,0,0
571.0,68,0,2.0,0,0
571.0,62,0,2.0,0,0
571.0,62,0,2.0,0,0
571.0,47,0,2.0,0,0
573.0,68,0,1.0,0,0
573.0,64,0,1.0,0,0
573.0,62,0,1.0,0,0
573.0,47,0,1.0,0,0
574.0,69,0,2.0,0,0
574.0,64,0,2.0,0,0
574.0,60,0,2.0,0,0
574.0,45,0,2.0,0,0
576.0,72,0,1.0,0,0
576.0,69,0,1.0,0,0
576.0,64,0,1.0,0,0
576.0,45,0,1.0,0,0
577.0,70,0,2.0,0,0
577.0,67,0,2.0,0,0
577.0,64,0,2.0,0,0
577.0,49,0,2.0,0,0
579.0,70,0,3.0,0,0
579.0,64,0,3.0,0,0
579.0,61,0,3.0,0,0
579.0,54,0,3.0,0,0
582.0,70,0,3.0,0,0
582.0,64,0,3.0,0,0
582.0,61,0,3.0,0,0
582.0,42,0,3.0,0,0
585.0,66,0,3.0,0,0
585.0,63,0,3.0,0,0
585.0,57,0,3.0,0,0
585.0,47,0,3.0,0,0
588.0,66,0,3.0,0,0
588.0,63,0,3.0,0,0
588.0,57,0,3.0,0,0
588.0,47,0,3.0,0,0
591.0,67,0,3.0,0,0
591.0,59,0,3.0,0,0
591.0,55,0,3.0,0,0
591.0,40,0,3.0,0,0
594.0,64,0,3.0,0,0
594.0,59,0,3.0,0,0
594.0,55,0,3.0,0,0
594.0,40,0,3.0,0,0
597.0,67,0,3.0,0,0
597.0,59,0,3.0,0,0
597.0,55,0,3.0,0,0
597.0,40,0,3.0,0,0
600.0,67,0,3.0,0,0
600.0,64,0,3.0,0,0
600.0,59,0,3.0,0,0
600.0,40,0,3.0,0,0
603.0,67,0,3.0,0,0
603.0,64,0,3.0,0,0
603.0,60,0,3.0,0,0
603.0,45,0,3.0,0,0
606.0,67,0,2.0,0,0
606.0,64,0,2.0,0,0
606.0,59,0,2.0,0,0
606.0,47,0,2.0,0,0
608.0,69,0,1.0,0,0
608.0,66,0,1.0,0,0
608.0,63,0,1.0,0,0
608.0,47,0,1.0,0,0
609.0,67,0,3.0,0,0
609.0,64,0,3.0,0,0
609.0,64,0,3.0,0,0
609.0,40,0,3.0,0,0
612.0,71,0,3.0,0,0
612.0,67,0,3.0,0,0
612.0,64,0,3.0,0,0
612.0,40,0,3.0,0,0
615.0,76,0,3.0,0,0
615.0,67,0,3.0,0,0
615.0,64,0,3.0,0,0
615.0,40,0,3.0,0,0
618.0,76,0,3.0,0,0
618.0,71,0,3.0,0,0
618.0,67,0,3.0,0,0
618.0,40,0,3.0,0,0
621.0,76,0,3.0,0,0
621.0,72,0,3.0,0,0
621.0,67,0,3.0,0,0
621.0,45,0,3.0,0,0
624.0,76,0,2.0,0,0
624.0,71,0,2.0,0,0
624.0,67,0,2.0,0,0
624.0,47,0,2.0,0,0
626.0,75,0,1.0,0,0
626.0,69,0,1.0,0,0
626.0,66,0,1.0,0,0
626.0,47,0,1.0,0,0
627.0,71,0,3.0,0,0
627.0,67,0,3.0,0,0
627.0,64,0,3.0,0,0
627.0,52,0,3.0,0,0
630.0,72,0,3.0,0,0
630.0,69,0,3.0,0,0
630.0,64,0,3.0,0,0
630.0,45,0,3.0,0,0
633.0,77,0,3.0,0,0
633.0,72,0,3.0,0,0
633.0,65,0,3.0,0,0
633.0,45,0,3.0,0,0
636.0,75,0,3.0,0,0
636.0,69,0,3.0,0,0
636.0,66,0,3.0,0,0
636.0,47,0,3.0,0,0
639.0,71,0,3.0,0,0
639.0,67,0,3.0,0,0
639.0,64,0,3.0,0,0
639.0,52,0,3.0,0,0
642.0,72,0,3.0,0,0
642.0,69,0,3.0,0,0
642.0,64,0,3.0,0,0
642.0,45,0,3.0,0,0
645.0,77,0,3.0,0,0
645.0,72,0,3.0,0,0
645.0,65,0,3.0,0,0
645.0,45,0,3.0,0,0
648.0,75,0,3.0,0,0
648.0,69,0,3.0,0,0
648.0,66,0,3.0,0,0
648.0,47,0,3.0,0,0
651.0,75,0,3.0,0,0
651.0,69,0,3.0,0,0
651.0,66,0,3.0,0,0
651.0,59,0,3.0,0,0
654.0,76,0,3.0,0,0
654.0,67,0,3.0,0,0
654.0,64,0,3.0,0,0
654.0,52,0,3.0,0,0
657.0,76,0,3.0,0,0
657.0,71,0,3.0,0,0
657.0,67,0,3.0,0,0
657.0,52,0,3.0,0,0
660.0,75,0,3.0,0,0
660.0,69,0,3.0,0,0
660.0,66,0,3.0,0,0
660.0,59,0,3.0,0,0
663.0,76,0,3.0,0,0
663.0,67,0,3.0,0,0
663.0,64,0,3.0,0,0
663.0,52,0,3.0,0,0
666.0,75,0,3.0,0,0
666.0,69,0,3.0,0,0
666.0,66,0,3.0,0,0
666.0,59,0,3.0,0,0
669.0,75,0,3.0,0,0
669.0,69,0,3.0,0,0
669.0,66,0,3.0,0,0
669.0,47,0,3.0,0,0
672.0,71,0,3.0,0,0
672.0,67,0,3.0,0,0
672.0,64,0,3.0,0,0
672.0,52,0,3.0,0,0
675.0,71,0,3.0,0,0
675.0,67,0,3.0,0,0
675.0,59,0,3.0,0,0
675.0,52,0,3.0,0,0
678.0,69,0,3.0,0,0
678.0,66,0,3.0,0,0
678.0,63,0,3.0,0,0
678.0,47,0,3.0,0,0
681.0,67,0,3.0,0,0
681.0,64,0,3.0,0,0
681.0,64,0,3.0,0,0
681.0,40,0,3.0,0,0
684.0,69,0,3.0,0,0
684.0,66,0,3.0,0,0
684.0,63,0,3.0,0,0
684.0,47,0,3.0,0,0
687.0,69,0,3.0,0,0
687.0,66,0,3.0,0,0
687.0,63,0,3.0,0,0
687.0,59,0,3.0,0,0
690.0,69,0,3.0,0,0
690.0,66,0,3.0,0,0
690.0,63,0,3.0,0,0
690.0,47,0,3.0,0,0
693.0,67,0,3.0,0,0
693.0,64,0,3.0,0,0
693.0,59,0,3.0,0,0
693.0,52,0,3.0,0,0
696.0,69,0,3.0,0,0
696.0,66,0,3.0,0,0
696.0,62,0,3.0,0,0
696.0,50,0,3.0,0,0
699.0,69,0,3.0,0,0
699.0,66,0,3.0,0,0
699.0,62,0,3.0,0,0
699.0,48,0,3.0,0,0
702.0,71,0,3.0,0,0
702.0,67,0,3.0,0,0
702.0,62,0,3.0,0,0
702.0,43,0,3.0,0,0
705.0,67,0,3.0,0,0
705.0,62,0,3.0,0,0
705.0,59,0,3.0,0,0
705.0,43,0,3.0,0,0
708.0,66,0,3.0,0,0
708.0,60,0,3.0,0,0
708.0,57,0,3.0,0,0
708.0,51,0,3.0,0,0
711.0,64,0,3.0,0,0
711.0,59,0,3.0,0,0
711.0,59,0,3.0,0,0
711.0,43,0,3.0,0,0
714.0,64,0,2.0,0,0
714.0,60,0,2.0,0,0
714.0,54,0,2.0,0,0
714.0,45,0,2.0,0,0
716.0,64,0,1.0,0,0
716.0,61,0,1.0,0,0
716.0,54,0,1.0,0,0
716.0,46,0,1.0,0,0
717.0,63,0,3.0,0,0
717.0,57,0,3.0,0,0
717.0,54,0,3.0,0,0
717.0,47,0,3.0,0,0
720.0,64,0,3.0,0,0
720.0,55,0,3.0,0,0
720.0,52,0,3.0,0,0
720.0,48,0,3.0,0,0
723.0,64,0,2.0,0,0
723.0,59,0,2.0,0,0
723.0,52,0,2.0,0,0
723.0,43,0,2.0,0,0
725.0,64,0,1.0,0,0
725.0,59,0,1.0,0,0
725.0,56,0,1.0,0,0
725.0,44,0,1.0,0,0
726.0,64,0,2.0,0,0
726.0,60,0,2.0,0,0
726.0,54,0,2.0,0,0
726.0,45,0,2.0,0,0
728.0,64,0,1.0,0,0
728.0,61,0,1.0,0,0
728.0,54,0,1.0,0,0
728.0,46,0,1.0,0,0
729.0,63,0,3.0,0,0
729.0,57,0,3.0,0,0
729.0,54,0,3.0,0,0
729.0,47,0,3.0,0,0
732.0,64,0,3.0,0,0
732.0,55,0,3.0,0,0
732.0,52,0,3.0,0,0
732.0,40,0,3.0,0,0
